[
    {"name": "Jane Froster", "account number": "125463", "money":152365,"history" :""},
    {"name": "Max Well", "account number": "541672", "money":12266,"history" :""},
    {"name": "Good Bean", "account number": "126482", "money":165034,"history" :""},
    {"name": "God Father", "account number": "359426", "money":6251,"history" :""},
    {"name": "Muhammad Eiei", "account number": "712547", "money":914520,"history" :""},
    {"name": "Prayuth Sunotea", "account number": "549623", "money":0,"history" :""}
]